ATRIBUTO;VALOR;MLA;ID TIENDA
Edad m�xima recomendada;48 meses;MLA74021;1167
Edad m�xima recomendada;15 a�os;MLA3422;1366
Edad m�xima recomendada;15 a�os;MLA3422;1366
Edad m�xima recomendada;12 a�os;MLA3422;1366
Edad m�xima recomendada;12 a�os;MLA3422;1366
Edad m�xima recomendada;12 a�os;MLA3422;1366
Edad m�xima recomendada;12 a�os;MLA3422;1366
Edad m�xima recomendada;5 a�os;MLA90315;1282
Edad m�xima recomendada;12 a�os;MLA37616;1260
Edad m�xima recomendada;12 meses;MLA3422;1366
Edad m�xima recomendada;12 meses;MLA3422;1366
Edad m�xima recomendada;12 meses;MLA3422;1366
Edad m�xima recomendada;12 a�os;MLA3422;1366
Edad m�xima recomendada;12 a�os;MLA3422;1366
Edad m�xima recomendada;12 a�os;MLA3422;1366
Edad m�xima recomendada;12 a�os;MLA37616;1260
Edad m�xima recomendada;12 a�os;MLA37616;1260
Edad m�xima recomendada;12 a�os;MLA3422;1366
Edad m�xima recomendada;12 a�os;MLA3422;1366
Edad m�xima recomendada;12 a�os;MLA3422;1366
Edad m�xima recomendada;12 a�os;MLA37616;1260
Edad m�xima recomendada;12 a�os;MLA3422;1366
Edad m�xima recomendada;12 a�os;MLA3422;1366
Edad m�xima recomendada;9 a�os;MLA3422;1366
Edad m�xima recomendada;9 a�os;MLA3422;1366
Edad m�xima recomendada;9 a�os;MLA3422;1366
Edad m�xima recomendada;7 a�os;MLA3422;1366
Edad m�xima recomendada;7 a�os;MLA3422;1366
Edad m�xima recomendada;7 a�os;MLA3422;1366
Edad m�xima recomendada;12 a�os;MLA3422;1366
Edad m�xima recomendada;12 a�os;MLA3422;1366
Edad m�xima recomendada;15 a�os;MLA37616;1260
Edad m�xima recomendada;12 a�os;MLA37616;1260
Edad m�xima recomendada;9 a�os;MLA37616;1260
Edad m�xima recomendada;9 a�os;MLA37616;1260
Edad m�xima recomendada;12 a�os;MLA3422;1366
Edad m�xima recomendada;12 a�os;MLA3422;1366
Edad m�xima recomendada;12 a�os;MLA37616;1260
Edad m�xima recomendada;12 a�os;MLA3422;1366
Edad m�xima recomendada;12 a�os;MLA3422;1366
Edad m�xima recomendada;4 a�os;MLA3422;1366
Edad m�xima recomendada;4 a�os;MLA3422;1366
Edad m�xima recomendada;12 a�os;MLA3422;1366
Edad m�xima recomendada;12 a�os;MLA3422;1366
Edad m�xima recomendada;8 a�os;MLA3422;1366
Edad m�xima recomendada;8 a�os;MLA3422;1366
Edad m�xima recomendada;12 a�os;MLA3422;1366
Edad m�xima recomendada;12 a�os;MLA3422;1366
Edad m�xima recomendada;8 a�os;MLA3422;1366
Edad m�xima recomendada;8 a�os;MLA3422;1366
Edad m�xima recomendada;12 a�os;MLA3422;1366
Edad m�xima recomendada;12 a�os;MLA3422;1366
Edad m�xima recomendada;12 a�os;MLA3422;1366
Edad m�xima recomendada;12 a�os;MLA3422;1366
Edad m�xima recomendada;12 a�os;MLA3422;1366
Edad m�xima recomendada;12 a�os;MLA3422;1366
Edad m�xima recomendada;15 a�os;MLA431922;1258
Edad m�xima recomendada;12 a�os;MLA3422;1366
Edad m�xima recomendada;12 a�os;MLA3422;1366
Edad m�xima recomendada;12 a�os;MLA3422;1366
Edad m�xima recomendada;12 a�os;MLA3422;1366
Edad m�xima recomendada;15 a�os;MLA37616;1260
Edad m�xima recomendada;12 a�os;MLA37616;1260
Edad m�xima recomendada;15 a�os;MLA37616;1260
Edad m�xima recomendada;15 a�os;MLA37616;1260
Edad m�xima recomendada;14 a�os;MLA37616;1260
Edad m�xima recomendada;14 a�os;MLA37616;1260
Edad m�xima recomendada;8 a�os;MLA3422;1366
Edad m�xima recomendada;8 a�os;MLA3422;1366
Edad m�xima recomendada;18 a�os;MLA3422;1366
Edad m�xima recomendada;18 a�os;MLA3422;1366
Edad m�xima recomendada;8;MLA90315;1282
Edad m�xima recomendada;14 a�os;MLA3422;1366
Edad m�xima recomendada;14 a�os;MLA3422;1366
Edad m�xima recomendada;8 a�os;MLA3422;1366
Edad m�xima recomendada;8 a�os;MLA3422;1366
Edad m�xima recomendada;8 meses;MLA3422;1366
Edad m�xima recomendada;6 a�os;MLA3422;1366
Edad m�xima recomendada;6 a�os;MLA3422;1366
Edad m�xima recomendada;9 a�os;MLA3422;1366
Edad m�xima recomendada;9 a�os;MLA3422;1366
Edad m�xima recomendada;12 meses;MLA3422;1366
Edad m�xima recomendada;12 meses;MLA3422;1366
Edad m�xima recomendada;12 a�os;MLA3422;1366
Edad m�xima recomendada;12 a�os;MLA3422;1366
Edad m�xima recomendada;12 a�os;MLA3422;1366
Edad m�xima recomendada;12 a�os;MLA3422;1366
Edad m�xima recomendada;12 a�os;MLA3422;1366
Edad m�xima recomendada;12 a�os;MLA3422;1366
Edad m�xima recomendada;12 a�os;MLA3422;1366
Edad m�xima recomendada;12 a�os;MLA3422;1366
Edad m�xima recomendada;12 a�os;MLA3422;1366
Edad m�xima recomendada;12 a�os;MLA3422;1366
Edad m�xima recomendada;12 a�os;MLA3422;1366
Edad m�xima recomendada;12 a�os;MLA3422;1366
Edad m�xima recomendada;12 a�os;MLA3422;1366
Edad m�xima recomendada;12 a�os;MLA3422;1366
Edad m�xima recomendada;12 a�os;MLA3422;1366
Edad m�xima recomendada;12 a�os;MLA3422;1366
Edad m�xima recomendada;6 a�os;MLA3422;1366
Edad m�xima recomendada;6 a�os;MLA3422;1366
Edad m�xima recomendada;7 a�os;MLA3422;1366
Edad m�xima recomendada;12 a�os;MLA3422;1366
Edad m�xima recomendada;12 a�os;MLA3422;1366
Edad m�xima recomendada;12 a�os;MLA3422;1366
Edad m�xima recomendada;12 a�os;MLA3422;1366
Edad m�xima recomendada;12 a�os;MLA3422;1366
Edad m�xima recomendada;12 a�os;MLA3422;1366
Edad m�xima recomendada;12 a�os;MLA3422;1366
Edad m�xima recomendada;6 a�os;MLA3422;1366
Edad m�xima recomendada;6 a�os;MLA3422;1366
Edad m�xima recomendada;12 a�os;MLA3422;1366
Edad m�xima recomendada;12 a�os;MLA3422;1366
Edad m�xima recomendada;12 a�os;MLA3422;1366
Edad m�xima recomendada;12 a�os;MLA3422;1366
Edad m�xima recomendada;8 a�os;MLA413461;1334
Edad m�xima recomendada;12 a�os;MLA3422;1366
Edad m�xima recomendada;12 a�os;MLA3422;1366
Edad m�xima recomendada;8 a�os;MLA3422;1366
Edad m�xima recomendada;8 a�os;MLA3422;1366
Edad m�xima recomendada;12 a�os;MLA3422;1366
Edad m�xima recomendada;12 a�os;MLA3422;1366
Edad m�xima recomendada;12 a�os;MLA3422;1366
Edad m�xima recomendada;12 a�os;MLA3422;1366
Edad m�xima recomendada;12 a�os;MLA37616;1260
Edad m�xima recomendada;12 a�os;MLA37616;1260
Edad m�xima recomendada;12 a�os;MLA3422;1366
Edad m�xima recomendada;12 a�os;MLA3422;1366
Edad m�xima recomendada;12 a�os;MLA3422;1366
Edad m�xima recomendada;12 a�os;MLA3422;1366
Edad m�xima recomendada;12 a�os;MLA352340;1338
Edad m�xima recomendada;8 meses;MLA3422;1366
Edad m�xima recomendada;8 meses;MLA3422;1366
Edad m�xima recomendada;12 a�os;MLA3422;1366
Edad m�xima recomendada;12 a�os;MLA3422;1366
Edad m�xima recomendada;12 a�os;MLA3422;1366
Edad m�xima recomendada;12 meses;MLA3422;1366
Edad m�xima recomendada;12 meses;MLA3422;1366
Edad m�xima recomendada;8 a�os;MLA3422;1366
Edad m�xima recomendada;8 a�os;MLA3422;1366
Edad m�xima recomendada;12 a�os;MLA3422;1366
Edad m�xima recomendada;12 a�os;MLA3422;1366
Edad m�xima recomendada;12 a�os;MLA3422;1366
Edad m�xima recomendada;12 a�os;MLA3422;1366
Edad m�xima recomendada;12 a�os;MLA3422;1366
Edad m�xima recomendada;12 a�os;MLA3422;1366
Edad m�xima recomendada;12 a�os;MLA37616;1260
Edad m�xima recomendada;12 a�os;MLA3422;1366
Edad m�xima recomendada;12 a�os;MLA3422;1366
Edad m�xima recomendada;12 a�os;MLA30084;2035
Edad m�xima recomendada;12 a�os;MLA3422;1366
Edad m�xima recomendada;12 a�os;MLA3422;1366
Edad m�xima recomendada;12 a�os;MLA3422;1366
Edad m�xima recomendada;12 a�os;MLA3422;1366
Edad m�xima recomendada;12 a�os;MLA37616;1260
Edad m�xima recomendada;12;MLA37616;1260
Edad m�xima recomendada;14 a�os;MLA3422;1366
Edad m�xima recomendada;14 a�os;MLA3422;1366
Edad m�xima recomendada;12 a�os;MLA3422;1366
Edad m�xima recomendada;12 a�os;MLA3422;1366
Edad m�xima recomendada;8 a�os;MLA37616;1260
Edad m�xima recomendada;12;MLA352340;1338
Edad m�xima recomendada;10 a�os;MLA37616;1260
Edad m�xima recomendada;9 a�os;MLA3422;1366
Edad m�xima recomendada;9 a�os;MLA3422;1366
Edad m�xima recomendada;12 a�os;MLA416996;1361
Edad m�xima recomendada;12 a�os;MLA3422;1366
Edad m�xima recomendada;12 a�os;MLA3422;1366
Edad m�xima recomendada;12 a�os;MLA11239;1332
Edad m�xima recomendada;12 a�os;MLA3422;1366
Edad m�xima recomendada;12 a�os;MLA3422;1366
Edad m�xima recomendada;10 a�os;MLA37616;1260
Edad m�xima recomendada;6 a�os;MLA3422;1366
Edad m�xima recomendada;6 a�os;MLA3422;1366
Edad m�xima recomendada;6 a�os;MLA3422;1366
Edad m�xima recomendada;6 a�os;MLA3422;1366
Edad m�xima recomendada;8 a�os;MLA416996;1361
Edad m�xima recomendada;12 a�os;MLA3422;1366
Edad m�xima recomendada;12 a�os;MLA3422;1366
Edad m�xima recomendada;12 a�os;MLA431922;1258
Edad m�xima recomendada;12 a�os;MLA3422;1366
Edad m�xima recomendada;12 a�os;MLA3422;1366
Edad m�xima recomendada;12 a�os;MLA352340;1338
Edad m�xima recomendada;12 a�os;MLA3422;1366
Edad m�xima recomendada;12 a�os;MLA3422;1366
Edad m�xima recomendada;12 a�os;MLA3422;1366
Edad m�xima recomendada;12 a�os;MLA3422;1366
Edad m�xima recomendada;12 a�os;MLA413219;2053
Edad m�xima recomendada;12 a�os;MLA3422;1366
Edad m�xima recomendada;12 a�os;MLA3422;1366
Edad m�xima recomendada;12 a�os;MLA3422;1366
Edad m�xima recomendada;12 a�os;MLA3422;1366
Edad m�xima recomendada;12 a�os;MLA3422;1366
Edad m�xima recomendada;12 a�os;MLA3422;1366
Edad m�xima recomendada;12 a�os;MLA3422;1366
Edad m�xima recomendada;12 a�os;MLA3422;1366
Edad m�xima recomendada;6 a�os;MLA429190;1331
Edad m�xima recomendada;6 a�os;MLA3422;1366
Edad m�xima recomendada;6 a�os;MLA3422;1366
Edad m�xima recomendada;9 a�os;MLA3422;1366
Edad m�xima recomendada;12 a�os;MLA1166;626
Edad m�xima recomendada;99 a�os;MLA3422;1366
Edad m�xima recomendada;99 a�os;MLA3422;1366
Edad m�xima recomendada;12 a�os;MLA3422;1366
Edad m�xima recomendada;12 a�os;MLA3422;1366
Edad m�xima recomendada;99 a�os;MLA3422;1366
Edad m�xima recomendada;99 a�os;MLA3422;1366
Edad m�xima recomendada;99 a�os;MLA3422;1366
Edad m�xima recomendada;99 a�os;MLA3422;1366
Edad m�xima recomendada;12 a�os;MLA1166;626
Edad m�xima recomendada;12 a�os;MLA3422;1366
Edad m�xima recomendada;12 a�os;MLA3422;1366
Edad m�xima recomendada;12 a�os;MLA3422;1366
Edad m�xima recomendada;99 a�os;MLA3422;1366
Edad m�xima recomendada;99 a�os;MLA3422;1366
Edad m�xima recomendada;99 a�os;MLA3422;1366
Edad m�xima recomendada;99 a�os;MLA3422;1366
Edad m�xima recomendada;99 a�os;MLA3422;1366
Edad m�xima recomendada;99 a�os;MLA3422;1366
Edad m�xima recomendada;12 a�os;MLA47813;1310
Edad m�xima recomendada;99 a�os;MLA3422;1366
Edad m�xima recomendada;99 a�os;MLA3422;1366
Edad m�xima recomendada;99 a�os;MLA3422;1366
Edad m�xima recomendada;99 a�os;MLA3422;1366
Edad m�xima recomendada;99 a�os;MLA3422;1366
Edad m�xima recomendada;99 a�os;MLA3422;1366
Edad m�xima recomendada;12;MLA37616;1260
Edad m�xima recomendada;12;MLA37616;1260
Edad m�xima recomendada;12 a�os;MLA1166;626
Edad m�xima recomendada;12 a�os;MLA11239;1332
Edad m�xima recomendada;6 a�os;MLA3422;1366
Edad m�xima recomendada;6 a�os;MLA3422;1366
Edad m�xima recomendada;12 a�os;MLA416996;1361
Edad m�xima recomendada;12 a�os;MLA3422;1366
Edad m�xima recomendada;12 a�os;MLA3422;1366
Edad m�xima recomendada;12 a�os;MLA3422;1366
Edad m�xima recomendada;12 a�os;MLA3422;1366
Edad m�xima recomendada;48 meses;MLA74021;1167
Edad m�nima recomendada;5 a�os;MLA6098;709
Edad m�nima recomendada;3 a�os;MLA9967;711
